{
  "rows": 3000,
  "accuracy": 0.524,
  "f1": 0.6020066889632107,
  "roc_auc": 0.5325354449590702,
  "classification_report": {
    "0": {
      "precision": 0.35755813953488375,
      "recall": 0.4749034749034749,
      "f1-score": 0.4079601990049751,
      "support": 259.0
    },
    "1": {
      "precision": 0.6650246305418719,
      "recall": 0.5498981670061099,
      "f1-score": 0.6020066889632107,
      "support": 491.0
    },
    "accuracy": 0.524,
    "macro avg": {
      "precision": 0.5112913850383778,
      "recall": 0.5124008209547924,
      "f1-score": 0.5049834439840929,
      "support": 750.0
    },
    "weighted avg": {
      "precision": 0.5588462023141253,
      "recall": 0.524,
      "f1-score": 0.5349959677643,
      "support": 750.0
    }
  }
}